munic;Quantidade
Angra dos Reis;277
Araruama;277
Armação dos Búzios;277
Arraial do Cabo;181
Barra Mansa;277
Barra do Pirai;277
Belford Roxo;277
Bom Jardim;277
Bom Jesus de Itabapoana;277
Cabo Frio;181
"Cabo Frio;Arraial do Cabo";96
Cachoeiras de Macacu;277
Cambuci;277
Campos dos Goytacazes;547
"Campos dos Goytacazes;São Francisco de Itabapoana";7
Cantagalo;277
"Cardoso Moreira;Italva";186
Carmo;277
Casimiro de Abreu;277
"Comendador Levy Gasparian;Areal;Três Rios";277
Conceição de Macabú;277
"Cordeiro;Macuco";277
Duas Barras;277
Duque de Caxias;1108
Engenheiro Paulo de Frontin;277
Guapimirim;181
Iguaba Grande;277
Itaboraí;181
"Itaboraí;Tanguá";96
Itaguaí;277
Itaocara;277
"Itaperuna;São José de Ubá";220
"Itaperuna;São José de Ubá;Cardoso Moreira;Italva";57
Itatiaia;277
Japeri;265
Laje do Muriaé;277
Macaé;212
"Macaé;Quissamã;Carapebus";65
Magé;458
"Magé;Guapimirim";96
Mangaratiba;277
Maricá;277
Mendes;277
Mesquita;277
"Miguel Pereira;Paty dos Alferes";277
Miracema;277
"Natividade;Varre-Sai";277
Nilópolis;277
Niterói;1385
Nova Friburgo;277
Nova Iguaçu;831
Paracambi;277
Paraty;277
Paraíba do Sul;277
Petrópolis;554
Pinheiral;265
Piraí;265
"Piraí;Pinheiral";12
Porciúncula;277
"Porto Real;Quatis";277
Queimados;265
"Queimados;Japeri";12
"Quissamã;Carapebus";212
Resende;277
Rio Bonito;277
Rio Claro;277
Rio das Flores;277
Rio das Ostras;277
Rio de Janeiro;11197
Santa Maria Madalena;277
"Santo Antônio de Pádua;Aperibé";277
Sapucaia;277
Saquarema;277
Seropédica;277
Silva Jardim;277
Sumidouro;277
São Fidélis;277
São Francisco de Itabapoana;270
São Gonçalo;1108
São José do Vale do Rio Preto;277
São João da Barra;277
São João de Meriti;277
São Pedro da Aldeia;277
São Sebastião do Alto;277
Tanguá;181
Teresópolis;277
Trajano de Morais;277
Valença;277
Vassouras;277
Volta Redonda;277
